{
	"miniprogramRoot": "miniprogram/",
	"cloudfunctionRoot": "cloudfunctions/",
	"setting": {
		"urlCheck": true,
		"es6": true,
		"postcss": true,
		"minified": true,
		"newFeature": true,
		"autoAudits": false,
		"nodeModules": true
	},
	"appid": "wxd1ca70db507085dd",
	"projectname": "meishitujian",
	"libVersion": "2.4.4",
	"condition": {
		"search": {
			"current": -1,
			"list": []
		},
		"conversation": {
			"current": -1,
			"list": []
		},
		"plugin": {
			"current": -1,
			"list": []
		},
		"game": {
			"list": []
		},
		"miniprogram": {
			"current": 3,
			"list": [
				{
					"id": -1,
					"name": "全部内容",
					"pathName": "pages/list/list",
					"query": ""
				},
				{
					"id": 1,
					"name": "商铺详情",
					"pathName": "pages/info/info",
					"query": "id=XE0cj8DR1TiNzjpY",
					"scene": null
				},
				{
					"id": -1,
					"name": "新增数据",
					"pathName": "pages/add/add",
					"query": ""
				},
				{
					"id": -1,
					"name": "搜索页面",
					"pathName": "pages/search/search",
					"query": "",
					"scene": null
				}
			]
		}
	}
}